Adventure, Amazing, Awesome,,,,,,
Beauty, Bed, Bliss,,,,,,
Charm, Cheer, Childhood, Clumsy, Color, Comfort,,,
Dance, Dazzle,,,,,,,
Excitement, Extraordinary,,,,,,,
Family, Feather, Fireworks, Flower, Flying, Friends, Fun,,
Happiness, Heart, Holiday,,,,,,
Laugh, Lazy, Loud, Love, Lucky,,,,
,,,,,,,,
Marriage, Memories, Music,,,,,,
Nature,,,,,,,,
Ocean,,,,,,,,
Party, Passion, Play, Precious, Promise,,,,
Rainbow, Raincloud, Romance,,,,,,
Sadness, Silly, Sing, Smile, Sparkle, Special, Sunny, Sunset, Sweet
Together, Treasure,,,,,,,
Vacation,,,,,,,,
Warm, Wonderful,,,,,,,
