Afterimage, Agonizing, Ambient, Analysis, Anxiety, Atone, Aura
Breathe,,,,,,
Cage, Captive, Climax, Contamination, Covet, Crimson,
Desire, Despise, Destiny, Determination, Disaster, Disarray, Disori
Effulgent, Electricity, Entropy, Essence, Eternity, Existence, Expl
Fester, Fickle, Flee, Frightening,,,
Graveyard,,,,,,
Heavensent, Horror,,,,,
Imagination, Incapable, Incongruent, Infallible, Inferno, Infinite,
,,,,,,
,,,,,,
Journey, Judgement,,,,,
Landscape, Lust,,,,,
Massacre, Meager, Melancholy,,,,
Philosophy, Pleasure, Portrait,,,,
Question,,,,,,
Raindrops,,,,,,
Secretive, Sensation, Starscape, Suicide,,,
Tenacious, Time,,,,,
Uncanny, Uncontrollable, Unending, Universe, Unrestrained, Unstable,
Variance, Vertigo, Vibrant, Vitality, Vivacious, Vivid,
Whirlwind, Wrath,,,,,
